{"count":1,"self":114.59322879999999,"total":604.5314397,"children":{"InitializeActuators":{"count":19,"self":0.0019951,"total":0.0019951,"children":null},"InitializeSensors":{"count":19,"self":0.0049872,"total":0.0049872,"children":null},"AgentSendState":{"count":131767,"self":39.851487999999996,"total":67.566270199999991,"children":{"CollectObservations":{"count":500726,"self":1.8220866,"total":1.8220866,"children":null},"WriteActionMask":{"count":500726,"self":0.4546762,"total":0.4546762,"children":null},"RequestDecision":{"count":500726,"self":1.9969104,"total":25.4380188,"children":{"AgentInfo.ToProto":{"count":500726,"self":1.8098235999999999,"total":23.441108399999997,"children":{"GenerateSensorData":{"count":500726,"self":19.424296,"total":21.6312848,"children":{"RayPerceptionSensor.Perceive":{"count":500726,"self":2.2069888,"total":2.2069886999999997,"children":null}}}}}}}}},"DecideAction":{"count":131767,"self":415.53146879999997,"total":415.53147459999997,"children":null},"AgentAct":{"count":131767,"self":6.6708504,"total":6.7267715,"children":{"AgentInfo.ToProto":{"count":834,"self":0.0051367999999999995,"total":0.0559213,"children":{"GenerateSensorData":{"count":834,"self":0.046794999999999996,"total":0.050784499999999996,"children":{"RayPerceptionSensor.Perceive":{"count":834,"self":0.0039895,"total":0.0039895,"children":null}}}}}}},"AgentInfo.ToProto":{"count":1564,"self":0.0109743,"total":0.10471699999999999,"children":{"GenerateSensorData":{"count":1564,"self":0.080794499999999991,"total":0.0937427,"children":{"RayPerceptionSensor.Perceive":{"count":1564,"self":0.0129482,"total":0.0129482,"children":null}}}}}},"gauges":{"Predador_B.CumulativeReward":{"count":2398,"max":1676.81628,"min":-9.01242,"runningAverage":0.8245488,"value":0.0607196949,"weightedAverage":-0.5434909}},"metadata":{"timer_format_version":"0.1.0","start_time_seconds":"1657566648","unity_version":"2021.3.1f1","command_line_arguments":"D:\\unitys version\\2021.3.1f1\\Editor\\Unity.exe -projectpath C:\\Users\\Moises\\Desktop\\AI\\AI-FinalProject\\Ml-Agents-run-prey\\AI_Moises -useHub -hubIPC -cloudEnvironment production -licensingIpc LicenseClient-x7BY7ToHnVkZeuYCgf-4b -hubSessionId 155b3820-0129-11ed-92ab-45b9a6a47dfb -accessToken rrnCsFwHCaECFmi1l04aRIcZf083zW75QlxnnL_N1No006f","communication_protocol_version":"1.5.0","com.unity.ml-agents_version":"2.0.1","scene_name":"SampleScene","end_time_seconds":"1657567252"}}