{"count":1,"self":73.712979199999992,"total":486.64941,"children":{"InitializeActuators":{"count":24,"self":0.0019949,"total":0.0019949,"children":null},"InitializeSensors":{"count":24,"self":0.0029919,"total":0.0029919,"children":null},"AgentSendState":{"count":104317,"self":36.4043552,"total":61.3468448,"children":{"CollectObservations":{"count":500736,"self":1.2978215,"total":1.2978215,"children":null},"WriteActionMask":{"count":500736,"self":0.47352229999999995,"total":0.47352229999999995,"children":null},"RequestDecision":{"count":500736,"self":1.889602,"total":23.171146999999998,"children":{"AgentInfo.ToProto":{"count":500736,"self":1.6387543,"total":21.281544999999998,"children":{"GenerateSensorData":{"count":500736,"self":17.641472,"total":19.6427907,"children":{"RayPerceptionSensor.Perceive":{"count":500736,"self":2.0013196,"total":2.0013194999999997,"children":null}}}}}}}}},"DecideAction":{"count":104317,"self":345.81117439999997,"total":345.81118169999996,"children":null},"AgentAct":{"count":104317,"self":5.6616956,"total":5.7135745999999994,"children":{"AgentInfo.ToProto":{"count":847,"self":0.0019947999999999997,"total":0.051878999999999995,"children":{"GenerateSensorData":{"count":847,"self":0.047888099999999996,"total":0.0498842,"children":{"RayPerceptionSensor.Perceive":{"count":847,"self":0.0019961,"total":0.0019961,"children":null}}}}}}},"AgentInfo.ToProto":{"count":915,"self":0.0069911999999999995,"total":0.0588481,"children":{"GenerateSensorData":{"count":915,"self":0.0458738,"total":0.0518569,"children":{"RayPerceptionSensor.Perceive":{"count":915,"self":0.0059831,"total":0.0059831,"children":null}}}}}},"gauges":{"Predador_B.CumulativeReward":{"count":1762,"max":16771.8789,"min":-820.174255,"runningAverage":9.807835,"value":5.147932,"weightedAverage":1.90901673}},"metadata":{"timer_format_version":"0.1.0","start_time_seconds":"1657555497","unity_version":"2021.3.1f1","command_line_arguments":"D:\\unitys version\\2021.3.1f1\\Editor\\Unity.exe -projectpath C:\\Users\\Moises\\Desktop\\AI\\AI-FinalProject\\Ml-Agents-run-prey\\AI_Moises -useHub -hubIPC -cloudEnvironment production -licensingIpc LicenseClient-x7BY7ToHnVkZeuYCgf-4b -hubSessionId 155b3820-0129-11ed-92ab-45b9a6a47dfb -accessToken oGXo_vXSO2AU_usi84Xu8IoyzN7i0iCahwO3rgF9_L8006f","communication_protocol_version":"1.5.0","com.unity.ml-agents_version":"2.0.1","scene_name":"SampleScene","end_time_seconds":"1657555984"}}