{
    "name": "root",
    "gauges": {
        "Predador_B.Policy.Entropy.mean": {
            "value": 1.4281399250030518,
            "min": 1.4148887395858765,
            "max": 1.4281399250030518,
            "count": 10
        },
        "Predador_B.Policy.Entropy.sum": {
            "value": 71258.46875,
            "min": 70529.375,
            "max": 71988.734375,
            "count": 10
        },
        "Predador_B.Environment.EpisodeLength.mean": {
            "value": 293.7953216374269,
            "min": 249.2620320855615,
            "max": 318.7987012987013,
            "count": 10
        },
        "Predador_B.Environment.EpisodeLength.sum": {
            "value": 50239.0,
            "min": 46612.0,
            "max": 51103.0,
            "count": 10
        },
        "Predador_B.Step.mean": {
            "value": 499966.0,
            "min": 49999.0,
            "max": 499966.0,
            "count": 10
        },
        "Predador_B.Step.sum": {
            "value": 499966.0,
            "min": 49999.0,
            "max": 499966.0,
            "count": 10
        },
        "Predador_B.Policy.ExtrinsicValueEstimate.mean": {
            "value": -1896.8526611328125,
            "min": -3740.57861328125,
            "max": 0.33073753118515015,
            "count": 10
        },
        "Predador_B.Policy.ExtrinsicValueEstimate.sum": {
            "value": -1688198.875,
            "min": -3340336.75,
            "max": 293.033447265625,
            "count": 10
        },
        "Predador_B.Environment.CumulativeReward.mean": {
            "value": -2.383378831419157,
            "min": -3.506877812211988,
            "max": 86.27163202950032,
            "count": 10
        },
        "Predador_B.Environment.CumulativeReward.sum": {
            "value": -407.55778017267585,
            "min": -662.7999065080658,
            "max": 16564.153349664062,
            "count": 10
        },
        "Predador_B.Policy.ExtrinsicReward.mean": {
            "value": -2.383378831419157,
            "min": -3.506877812211988,
            "max": 86.27163202950032,
            "count": 10
        },
        "Predador_B.Policy.ExtrinsicReward.sum": {
            "value": -407.55778017267585,
            "min": -662.7999065080658,
            "max": 16564.153349664062,
            "count": 10
        },
        "Predador_B.Losses.PolicyLoss.mean": {
            "value": 0.17095583682258922,
            "min": 0.022473963750720333,
            "max": 0.17228116133560736,
            "count": 10
        },
        "Predador_B.Losses.PolicyLoss.sum": {
            "value": 0.8547791841129461,
            "min": 0.08989585500288133,
            "max": 0.8614058066780368,
            "count": 10
        },
        "Predador_B.Losses.ValueLoss.mean": {
            "value": 767414.8342708334,
            "min": 1.0986628141254187,
            "max": 3802828.4567187503,
            "count": 10
        },
        "Predador_B.Losses.ValueLoss.sum": {
            "value": 3837074.171354167,
            "min": 4.394651256501675,
            "max": 19014142.28359375,
            "count": 10
        },
        "Predador_B.Policy.LearningRate.mean": {
            "value": 1.5854974715039998e-05,
            "min": 1.5854974715039998e-05,
            "max": 0.00028437285520905003,
            "count": 10
        },
        "Predador_B.Policy.LearningRate.sum": {
            "value": 7.927487357519998e-05,
            "min": 7.927487357519998e-05,
            "max": 0.0012828108723963998,
            "count": 10
        },
        "Predador_B.Policy.Epsilon.mean": {
            "value": 0.10528496000000001,
            "min": 0.10528496000000001,
            "max": 0.19479095000000002,
            "count": 10
        },
        "Predador_B.Policy.Epsilon.sum": {
            "value": 0.5264248,
            "min": 0.5264248,
            "max": 0.9276036000000001,
            "count": 10
        },
        "Predador_B.Policy.Beta.mean": {
            "value": 0.000273719504,
            "min": 0.000273719504,
            "max": 0.004740068405000001,
            "count": 10
        },
        "Predador_B.Policy.Beta.sum": {
            "value": 0.00136859752,
            "min": 0.00136859752,
            "max": 0.021387419640000002,
            "count": 10
        },
        "Predador_B.IsTraining.mean": {
            "value": 1.0,
            "min": 1.0,
            "max": 1.0,
            "count": 10
        },
        "Predador_B.IsTraining.sum": {
            "value": 1.0,
            "min": 1.0,
            "max": 1.0,
            "count": 10
        }
    },
    "metadata": {
        "timer_format_version": "0.1.0",
        "start_time_seconds": "1657555489",
        "python_version": "3.8.13 (default, Mar 28 2022, 06:59:08) [MSC v.1916 64 bit (AMD64)]",
        "command_line_arguments": "C:\\Users\\Moises\\anaconda3\\envs\\unity_rl\\Scripts\\mlagents-learn --run-id=Predador_Final_DOCE2",
        "mlagents_version": "0.28.0",
        "mlagents_envs_version": "0.28.0",
        "communication_protocol_version": "1.5.0",
        "pytorch_version": "1.9.1",
        "numpy_version": "1.23.0",
        "end_time_seconds": "1657555984"
    },
    "total": 494.4455216,
    "count": 1,
    "self": 0.013749600000039663,
    "children": {
        "run_training.setup": {
            "total": 0.0950690999999999,
            "count": 1,
            "self": 0.0950690999999999
        },
        "TrainerController.start_learning": {
            "total": 494.3367029,
            "count": 1,
            "self": 0.5981492999970897,
            "children": {
                "TrainerController._reset_env": {
                    "total": 8.1060826,
                    "count": 1,
                    "self": 8.1060826
                },
                "TrainerController.advance": {
                    "total": 485.5603055000029,
                    "count": 22230,
                    "self": 0.5399933000047099,
                    "children": {
                        "env_step": {
                            "total": 322.47258260000115,
                            "count": 22230,
                            "self": 304.3952956999987,
                            "children": {
                                "SubprocessEnvManager._take_step": {
                                    "total": 17.71172109999798,
                                    "count": 22230,
                                    "self": 1.6342811999966784,
                                    "children": {
                                        "TorchPolicy.evaluate": {
                                            "total": 16.077439900001302,
                                            "count": 20862,
                                            "self": 3.1511224999990617,
                                            "children": {
                                                "TorchPolicy.sample_actions": {
                                                    "total": 12.92631740000224,
                                                    "count": 20862,
                                                    "self": 12.92631740000224
                                                }
                                            }
                                        }
                                    }
                                },
                                "workers": {
                                    "total": 0.3655658000044504,
                                    "count": 22230,
                                    "self": 0.0,
                                    "children": {
                                        "worker_root": {
                                            "total": 485.43333109999753,
                                            "count": 22230,
                                            "is_parallel": true,
                                            "self": 225.1882124999953,