{
    "name": "root",
    "gauges": {
        "Predador_B.Policy.Entropy.mean": {
            "value": 1.4127345085144043,
            "min": 1.4127345085144043,
            "max": 1.4127345085144043,
            "count": 1
        },
        "Predador_B.Policy.Entropy.sum": {
            "value": 73575.2109375,
            "min": 73575.2109375,
            "max": 73575.2109375,
            "count": 1
        },
        "Predador_B.Environment.EpisodeLength.mean": {
            "value": 284.09589041095893,
            "min": 284.09589041095893,
            "max": 284.09589041095893,
            "count": 1
        },
        "Predador_B.Environment.EpisodeLength.sum": {
            "value": 20739.0,
            "min": 20739.0,
            "max": 20739.0,
            "count": 1
        },
        "Predador_B.Step.mean": {
            "value": 49996.0,
            "min": 49996.0,
            "max": 49996.0,
            "count": 1
        },
        "Predador_B.Step.sum": {
            "value": 49996.0,
            "min": 49996.0,
            "max": 49996.0,
            "count": 1
        },
        "Predador_B.Policy.ExtrinsicValueEstimate.mean": {
            "value": 0.1775960624217987,
            "min": 0.1775960624217987,
            "max": 0.1775960624217987,
            "count": 1
        },
        "Predador_B.Policy.ExtrinsicValueEstimate.sum": {
            "value": 145.09597778320312,
            "min": 145.09597778320312,
            "max": 145.09597778320312,
            "count": 1
        },
        "Predador_B.Environment.CumulativeReward.mean": {
            "value": -1.1458904154802838,
            "min": -1.1458904154802838,
            "max": -1.1458904154802838,
            "count": 1
        },
        "Predador_B.Environment.CumulativeReward.sum": {
            "value": -83.65000033006072,
            "min": -83.65000033006072,
            "max": -83.65000033006072,
            "count": 1
        },
        "Predador_B.Policy.ExtrinsicReward.mean": {
            "value": -1.1458904154802838,
            "min": -1.1458904154802838,
            "max": -1.1458904154802838,
            "count": 1
        },
        "Predador_B.Policy.ExtrinsicReward.sum": {
            "value": -83.65000033006072,
            "min": -83.65000033006072,
            "max": -83.65000033006072,
            "count": 1
        },
        "Predador_B.Losses.PolicyLoss.mean": {
            "value": 0.02215117394128659,
            "min": 0.02215117394128659,
            "max": 0.02215117394128659,
            "count": 1
        },
        "Predador_B.Losses.PolicyLoss.sum": {
            "value": 0.08860469576514636,
            "min": 0.08860469576514636,
            "max": 0.08860469576514636,
            "count": 1
        },
        "Predador_B.Losses.ValueLoss.mean": {
            "value": 0.027335847735715405,
            "min": 0.027335847735715405,
            "max": 0.027335847735715405,
            "count": 1
        },
        "Predador_B.Losses.ValueLoss.sum": {
            "value": 0.10934339094286162,
            "min": 0.10934339094286162,
            "max": 0.10934339094286162,
            "count": 1
        },
        "Predador_B.Policy.LearningRate.mean": {
            "value": 0.00028445385518205,
            "min": 0.00028445385518205,
            "max": 0.00028445385518205,
            "count": 1
        },
        "Predador_B.Policy.LearningRate.sum": {
            "value": 0.0011378154207282,
            "min": 0.0011378154207282,
            "max": 0.0011378154207282,
            "count": 1
        },
        "Predador_B.Policy.Epsilon.mean": {
            "value": 0.19481795000000005,
            "min": 0.19481795000000005,
            "max": 0.19481795000000005,
            "count": 1
        },
        "Predador_B.Policy.Epsilon.sum": {
            "value": 0.7792718000000002,
            "min": 0.7792718000000002,
            "max": 0.7792718000000002,
            "count": 1
        },
        "Predador_B.Policy.Beta.mean": {
            "value": 0.004741415705,
            "min": 0.004741415705,
            "max": 0.004741415705,
            "count": 1
        },
        "Predador_B.Policy.Beta.sum": {
            "value": 0.01896566282,
            "min": 0.01896566282,
            "max": 0.01896566282,
            "count": 1
        },
        "Predador_B.IsTraining.mean": {
            "value": 1.0,
            "min": 1.0,
            "max": 1.0,
            "count": 1
        },
        "Predador_B.IsTraining.sum": {
            "value": 1.0,
            "min": 1.0,
            "max": 1.0,
            "count": 1
        }
    },
    "metadata": {
        "timer_format_version": "0.1.0",
        "start_time_seconds": "1657553623",
        "python_version": "3.8.13 (default, Mar 28 2022, 06:59:08) [MSC v.1916 64 bit (AMD64)]",
        "command_line_arguments": "C:\\Users\\Moises\\anaconda3\\envs\\unity_rl\\Scripts\\mlagents-learn --run-id=Predador_Final --force",
        "mlagents_version": "0.28.0",
        "mlagents_envs_version": "0.28.0",
        "communication_protocol_version": "1.5.0",
        "pytorch_version": "1.9.1",
        "numpy_version": "1.23.0",
        "end_time_seconds": "1657553754"
    },
    "total": 131.0599239,
    "count": 1,
    "self": 0.0066673999999977696,
    "children": {
        "run_training.setup": {
            "total": 0.09245239999999999,
            "count": 1,
            "self": 0.09245239999999999
        },
        "TrainerController.start_learning": {
            "total": 130.9608041,
            "count": 1,
            "self": 0.09023360000020375,
            "children": {
                "TrainerController._reset_env": {
                    "total": 3.6653160999999996,
                    "count": 1,
                    "self": 3.6653160999999996
                },
                "TrainerController.advance": {
                    "total": 127.0487265999998,
                    "count": 3726,
                    "self": 0.09300460000039834,
                    "children": {
                        "env_step": {
                            "total": 101.81843360000006,
                            "count": 3726,
                            "self": 98.74446089999957,
                            "children": {
                                "SubprocessEnvManager._take_step": {
                                    "total": 3.0154426000001378,
                                    "count": 3727,
                                    "self": 0.2780825999999914,
                                    "children": {
                                        "TorchPolicy.evaluate": {
                                            "total": 2.7373600000001463,
                                            "count": 3645,
                                            "self": 0.54716050000044,
                                            "children": {
                                                "TorchPolicy.sample_actions": {
                                                    "total": 2.1901994999997063,
                                                    "count": 3645,
                                                    "self": 2.1901994999997063
                                                }
                                            }
                                        }
                                    }
                                },
                                "workers": {
                                    "total": 0.05853010000036463,
                                    "count": 3725,
                                    "self": 0.0,
                                    "children": {
                                        "worker_root": {
                                            "total": 80.12114269999981,
                                            "count": 3725,
                                            "is_parallel": true,